id,brandcode,cpg_id
61128d4f3ae9e26706435fb7,GEORGE'S QUICK'N EAT,61128ccac17d1b474029efbc
6155c2704878a47d241444a6,CLIF THINS,613f75d3276007374fd751b1
61004cd89ac8f0018ac10ac6,TICONDEROGA,61004cc09ac8f0018ac10ac5
60f833ab251e8b16355ee9bd,SONIC,60f8338b251e8b16355ee9bc
60f8268e251e8b16355ee9bb,WENDYS,60f8265fed274e67f26397c7
610ad829c17d1b474029efb8,CHICK FIL A,610ad7fd3ae9e26706435faf
6113ed75a20afa07cd83b26c,KODIAK CAKES FLAPJACK & WAFFLE MIX 2,6113ebf73dbdab4ae0413c7d
616606295c23681bead7b19d,LITTLE CAESARS,6166058ee9b64e09dda400da
610ae9e63ae9e26706435fb1,TACO BELL REST,610ae9113ae9e26706435fb0
610ac980c17d1b474029efb7,JACK IN THE BOX,610ac9473ae9e26706435fae
61685c70e9b64e09dda400de,COTY FRAGRANCES,61685c4de9b64e09dda400dd
615f1b09e9b64e09dda400d4,WHATABURGER,615f1aea5c23681bead7b194
610c4190c17d1b474029efba,SUBWAY,610c41683ae9e26706435fb6
61659f5be9b64e09dda400d5,ZOUP,61659f375c23681bead7b198
6164a5ef5c23681bead7b197,undefined,53e10d6368abd3c7065097cc
614c8d40848fd614caf84fdc,NULL,6123c1699500c859e2522b06
6165e180e9b64e09dda400d8,DUNKIN DONUTS,6165e0b05c23681bead7b19b
6165f119e9b64e09dda400d9,PIZZA HUT,6165f0a95c23681bead7b19c
6165d4a75c23681bead7b19a,BASKIN ROBBINS,6165d3a1e9b64e09dda400d7
61673210e9b64e09dda400db,POPEYES,616731e25c23681bead7b19e
615b36aa4878a47d241444a9,undefined,5332f5fbe4b03c9a25efd0ba
615333cf915311696f1f0c81,EAT TO BEAT INFLAMMATION,5d5d4fd16d5f3b23d1bc7905
613f75f093669e7edadaff19,CLIF KID,613f75d3276007374fd751b1
613f7772276007374fd751b3,TRILLIANT,613f775f276007374fd751b2
616f1754bd873d085ef47f17,VITAL PROTEINS,616f16d220a9be6780401fee
61003de69ac8f0018ac10ac4,BLUE DIAMOND ALMONDS,60a2d796e50345759644c50d
6149026f0ec0db76b02c2484,SHAMELESS PETS,614902582c9776762c6232f5
60f9ad60ed274e67f26397c8,BAHLSEN,60f9ad3b251e8b16355ee9be
6151e39d915311696f1f0c7f,KING ARTHUR GF BROWNIE MIX,6151e378915311696f1f0c7d
6151e38f915311696f1f0c7e,KING ARTHUR AP FLOUR,6151e378915311696f1f0c7d
6151e3d92be27759d5c429bf,KING ARTHUR ORGANIC AP FLOUR,6151e378915311696f1f0c7d
6165b7c05c23681bead7b199,SUPER COFFEE,6165b799e9b64e09dda400d6
616da1ba903b7124895ca5a3,KOIA SMOOTHIES,616da06aee4e02385c754f4d
616746f2e9b64e09dda400dc,7NOW,615f21f65c23681bead7b196
6155c27e4878a47d241444a7,CLIF BAR DUOS,613f75d3276007374fd751b1
612fe747eca6f6628997125e,SMITHWORKS,602186b82455c91734ff7a71
614114de49868a649825d21a,REST & REWARDS,53e10d6368abd3c7065097cc
613a56a5276007374fd751b0,LONG JOHN SILVERS,60c0d437d1d25341d4628afb
613a532693669e7edadaff18,DOMINOS,613a5303276007374fd751af
613a171b93669e7edadaff17,LYSOL NEUTRAAIR,5f036cedac99f02d72388690
6123b1ea9500c859e2522b05,LITEHOUSE,6123b1bd8abc112f39c33dad
6123afaf8abc112f39c33dac,ZESPRI,6123af688abc112f39c33dab
60e89539748cd71a17e20660,ARNOLD BROWNBERRY OROWEAT,5fbc4c21ac99f007b792c1ff
60d54ca9240dbf0161947862,SHEFFIELD CELLARS,60ba59e1ec891a72cdbb077b
609329d2729cb85570d87262,EVOLVE,5332f5fbe4b03c9a25efd0ba
60d36f0e1490e2751d0cc1db,GATORADE ENHANCED,5332f5fbe4b03c9a25efd0ba
60ac0942ad04c01ac35ea563,MUSCLE MILK 2,5332f5fbe4b03c9a25efd0ba
60d393626de8aa5d82212991,GATORADE BARS,5332f5fbe4b03c9a25efd0ba
60d55806240dbf0161947863,STORYPOINT,60ba59e1ec891a72cdbb077b
60d54bd4c1c99202a7cbef49,RED ROCK,60ba59e1ec891a72cdbb077b
60d54c3e240dbf0161947860,REX GOLIATH,60ba59e1ec891a72cdbb077b
60d37e416de8aa5d82212990,SIMPLY NAKED,60ba59e1ec891a72cdbb077b
60d55f04240dbf0161947867,TISDALE,60ba59e1ec891a72cdbb077b
60d55e48c1c99202a7cbef4d,HOGUE,60ba59e1ec891a72cdbb077b
60d55ca9240dbf0161947865,TALBOTT,60ba59e1ec891a72cdbb077b
60d55e07240dbf0161947866,TAYLOR,60ba59e1ec891a72cdbb077b
60d5583f240dbf0161947864,SUNSEEKER,60ba59e1ec891a72cdbb077b
60d55ed6c1c99202a7cbef4f,THRIVE,60ba59e1ec891a72cdbb077b
60d54b01240dbf016194785f,PIEROPAN,60ba59e1ec891a72cdbb077b
60d54ac3c1c99202a7cbef45,PAHLMEYER,60ba59e1ec891a72cdbb077b
60d50d2cc1c99202a7cbef44,MIA DOLCEA,60ba59e1ec891a72cdbb077b
60d54b99c1c99202a7cbef48,RAVENSWOOD,60ba59e1ec891a72cdbb077b
60d54b33c1c99202a7cbef46,PROVERB,60ba59e1ec891a72cdbb077b
60d54b6ac1c99202a7cbef47,RANCHO ZABACO,60ba59e1ec891a72cdbb077b
60d54a7d240dbf016194785e,NOBILO,60ba59e1ec891a72cdbb077b
60d4e1d0c1c99202a7cbef32,MIRASSOU,60ba59e1ec891a72cdbb077b
60d4d78ec1c99202a7cbef2e,MANISCHEWITZ,60ba59e1ec891a72cdbb077b
60d4e15fc1c99202a7cbef30,MASO CANALI,60ba59e1ec891a72cdbb077b
60d4e094c1c99202a7cbef2f,MARTIN CODAX,60ba59e1ec891a72cdbb077b
60d4ded8240dbf016194783e,MARK WEST,60ba59e1ec891a72cdbb077b
60d50348c1c99202a7cbef3d,JERMANN,60ba59e1ec891a72cdbb077b
60d504c9c1c99202a7cbef3f,LIVINGSTON,60ba59e1ec891a72cdbb077b
60d503c5c1c99202a7cbef3e,LAS ROCAS,60ba59e1ec891a72cdbb077b
60d50486240dbf0161947859,LEFTIE,60ba59e1ec891a72cdbb077b
60d50386240dbf0161947858,LAGUNA,60ba59e1ec891a72cdbb077b
60d50568c1c99202a7cbef41,LOUIS M MARTINI,60ba59e1ec891a72cdbb077b
60d50607240dbf016194785b,MAISON NO 9,60ba59e1ec891a72cdbb077b
60d505a1c1c99202a7cbef42,MACMURRAY,60ba59e1ec891a72cdbb077b
60d505d1240dbf016194785a,MADRIA,60ba59e1ec891a72cdbb077b
60d4ffad240dbf016194784d,CLARENDON HILLS,60ba59e1ec891a72cdbb077b
60d500b0c1c99202a7cbef39,DANCING BULL,60ba59e1ec891a72cdbb077b
60d4ff8f240dbf016194784c,CHATEAU SOUVERAIN,60ba59e1ec891a72cdbb077b
60d500fc240dbf0161947851,GASCON,60ba59e1ec891a72cdbb077b
60d502af240dbf0161947857,GHOST PINES,60ba59e1ec891a72cdbb077b
60d5026dc1c99202a7cbef3b,GALLO SIGNATURE,60ba59e1ec891a72cdbb077b
60d50232240dbf0161947856,GALLO ESTATE,60ba59e1ec891a72cdbb077b
60d502e2c1c99202a7cbef3c,J VINEYARDS,60ba59e1ec891a72cdbb077b
60d50dee240dbf016194785d,FREI BROTHERS,60ba59e1ec891a72cdbb077b
60d501fb240dbf0161947855,FRANCISCAN,60ba59e1ec891a72cdbb077b
60d5012c240dbf0161947852,ESTANCIA,60ba59e1ec891a72cdbb077b
60d501d7c1c99202a7cbef3a,FLEUR DE MER,60ba59e1ec891a72cdbb077b
60d55f78240dbf0161947869,TOTTS,60ba59e1ec891a72cdbb077b
60d55f40240dbf0161947868,TOASTED HEAD,60ba59e1ec891a72cdbb077b
60d56062c1c99202a7cbef50,TURNING LEAF,60ba59e1ec891a72cdbb077b
60d5e946c1c99202a7cbef51,WILD HORSE,60ba59e1ec891a72cdbb077b
60d5e925240dbf016194786b,WHITEHAVEN,60ba59e1ec891a72cdbb077b
60d5e989240dbf016194786d,WYCLIFF,60ba59e1ec891a72cdbb077b
60d5e977c1c99202a7cbef52,WILLIAM HILL,60ba59e1ec891a72cdbb077b
60d4f803240dbf0161947849,BRANCAIA,60ba59e1ec891a72cdbb077b
60d4ff01240dbf016194784a,CANYON ROAD,60ba59e1ec891a72cdbb077b
60d4ff26240dbf016194784b,CARNIVORE,60ba59e1ec891a72cdbb077b
60d4f6c0c1c99202a7cbef36,BOONES FARM,60ba59e1ec891a72cdbb077b
60d4f60ac1c99202a7cbef35,BELLA SERA,60ba59e1ec891a72cdbb077b
60d4f689240dbf0161947848,BLACKSTONE,60ba59e1ec891a72cdbb077b
60d4fa26c1c99202a7cbef37,BRIDLEWOOD,60ba59e1ec891a72cdbb077b
60915b5bca17246cac637219,NATUCHIPS,5332f5fbe4b03c9a25efd0ba
606642597ba15767b50fb7c9,JAMESON IRISH WHISKEY,53e10d6368abd3c7065097cc
6063205807f65f72b5aadd36,ALMOND JOY,59ba6feae4b092b29c16734d
6063392007f65f72b5aadd41,MILK DUDS,59ba6feae4b092b29c16734d
60633bb44b49975cc0ad94b5,ZERO,59ba6feae4b092b29c16734d
60633b7607f65f72b5aadd43,ZAGNUT,59ba6feae4b092b29c16734d
606339f407f65f72b5aadd42,SKOR,59ba6feae4b092b29c16734d
606338c34b49975cc0ad94b2,HEATH,59ba6feae4b092b29c16734d
6063238e4b49975cc0ad94ac,BROOKSIDE,59ba6feae4b092b29c16734d
6063285007f65f72b5aadd3c,MOUNDS,59ba6feae4b092b29c16734d
60636d124b49975cc0ad94b6,WINGSTOP,5f8f10e6ac99f015492ae24b
6081b6e9610ea856917246de,SYMPHONY,59ba6feae4b092b29c16734d
6048f8142455c97b314d3870,MIDLETON IRISH WHISKEY,602186b82455c91734ff7a71
60633a864b49975cc0ad94b3,WHATCHAMACALLIT,59ba6feae4b092b29c16734d
6063386107f65f72b5aadd40,CADBURY,59ba6feae4b092b29c16734d
60632a8107f65f72b5aadd3f,TWIZZLERS,59ba6feae4b092b29c16734d
60357cec2455c9795782f305,LILLET,602186b82455c91734ff7a71
60357d452455c9795782f306,MALFY,602186b82455c91734ff7a71
60357fdfac99f010d5dfac73,POWERS,602186b82455c91734ff7a71
60edba42884bd17c1c6aebd6,LYSOL,53e10d6368abd3c7065097cc
60d4f464240dbf0161947844,ARGIANO,60ba59e1ec891a72cdbb077b
60d4f58c240dbf0161947845,BALLATORE,60ba59e1ec891a72cdbb077b
60d4f44ec1c99202a7cbef33,AMELIA,60ba59e1ec891a72cdbb077b
60d500d5240dbf0161947850,DAVINCI,60ba59e1ec891a72cdbb077b
60d4f5dd240dbf0161947847,BEAR FLAG,60ba59e1ec891a72cdbb077b
60d4f5af240dbf0161947846,BARTLES AND JAYMES,60ba59e1ec891a72cdbb077b
60d50b13240dbf016194785c,COLUMBIA WINERY,60ba59e1ec891a72cdbb077b
605e3639ac99f07c6a80fecf,BETTY CROCKER,5332f5f3e4b03c9a25efd0ae
609ae76fe9f5e36836612162,ZYWIEC,5332f709e4b03c9a25efd0f1
6155eefc6118e50946469a1a,SIMPLE MILLS,6155eee54878a47d241444a8
6151e3e5915311696f1f0c80,KING ARTHUR PIZZA FLOUR,6151e378915311696f1f0c7d
60db3292c1c99202a7cbef54,ANCIENT NUTRITION,60d61de9240dbf016194786e
60a6ad59553b224878ff6c07,VETIQ,602bd8362455c91f3f7ae809
60ccd455ff6a3b03295cf08d,RIND CHEWY,60c78bcc2383023f915e7bfc
60d5fe82c1c99202a7cbef53,HIGH LINER,60d5e803240dbf016194786a
60a2bb09e50345759644c50c,DEL MONTE FRUIT INFUSIONS,60a2bae5e50345759644c50b
60a2d79ee50345759644c50e,BLUE DIAMOND XTREMES,60a2d796e50345759644c50d
605baf202455c923f83e14cf,DR PRAEGERS,6047b9b2ac99f04b80c64c46
6047a39e2455c97b314d3869,CECES,600f0e142455c904d4b69d62
6047a361ac99f04b80c64c42,BANZA,5ffdb67fac99f050397faf1c
6065dd0807f65f72b5aadd47,PETARMOR,602bd8362455c91f3f7ae809
6047a3c5ac99f04b80c64c43,CLIO BAR,5fdb8856ac99f07002e76048
60c1174af2f7bb12fd2d796c,MARINELA,5fbc4c21ac99f007b792c1ff
605e41a1ac99f07c6a80fed0,GENERAL MILLS CEREAL,5332f5f3e4b03c9a25efd0ae
613a460a276007374fd751ae,MINTIES,602bd8362455c91f3f7ae809
60db33bdc1c99202a7cbef56,PANERA BREAD,5f32e84a2455c921c66f0248
60e87288168e743191c75991,PAPA JOHNS,60e8724e168e743191c75990
6141165cfb6ebf129a6ac68b,RESTAURANTS & REWARDS,6141143449868a649825d219
605b9d322455c923f83e14cd,KFC,5fa462cfac99f07f3ca31b4b
605216f1ac99f063dccd6f19,JERSEY MIKES,605216c92455c94d767687e5
6048f4bb2455c97b314d386f,SMOKEY BONES,603e99e8ac99f04b80c64c3d
609ae711e9f5e36836612161,COORS NA,5332f709e4b03c9a25efd0f1
6047e9c8ac99f04b80c64c48,PROOF POINT,5332f709e4b03c9a25efd0f1
609ae756c55f630602d72b21,MILLER CHILL,5332f709e4b03c9a25efd0f1
603fdc112455c97b314d3862,TOPO CHICO HARD SELTZER,5332f709e4b03c9a25efd0f1
611e69752b434d3de53f42bb,BOSTON MARKET,609c26d4c55f630602d72b22
60db56dfc1c99202a7cbef58,BURGER KING,60db569ec1c99202a7cbef57
60b684b3fe9f712ed75b1fd5,THOMAS,5fbc4c21ac99f007b792c1ff
603578512455c9795782f301,CHIVAS REGAL,602186b82455c91734ff7a71
60357a6a2455c9795782f302,DEL MAGUEY,602186b82455c91734ff7a71
60353140ac99f010d5dfac6d,ABSOLUT ELYX,602186b82455c91734ff7a71
60357ac52455c9795782f303,ITALICUS,602186b82455c91734ff7a71
5fc7c0e7ac99f076f08267c1,REDDING FRENCH BAKERY,5fbc4c21ac99f007b792c1ff
611a8b48fed38c122fd1686c,BLUE BUFFALO,611a8b14fed38c122fd1686b
605e53bc2455c923f83e14d3,COORS EXTRA GOLD LAGER,5332f709e4b03c9a25efd0f1
605e537d2455c923f83e14d2,COORS 1873,5332f709e4b03c9a25efd0f1
605e53f7ac99f07c6a80fed1,COORS PEAK COPPER LAGER,5332f709e4b03c9a25efd0f1
6047eb232455c97b314d386e,COORS PURE,5332f709e4b03c9a25efd0f1
6047a3e0ac99f04b80c64c44,ENTENMANNS,5fbc4c21ac99f007b792c1ff
5bd201cc965c7d66d92731ee,SCOTT,550b2565e4b001d5e9e4146f
57e58166e4b0ac389136a30b,FOSTERS,5332f709e4b03c9a25efd0f1
60135d23ac99f004d19ade2d,BLUE MOON LIGHT SKY,5332f709e4b03c9a25efd0f1
6013392aac99f004d19ade2c,COORS SELTZER,5332f709e4b03c9a25efd0f1
5332f7f0e4b03c9a25efd160,MILLER GENUINE DRAFT,5332f709e4b03c9a25efd0f1
60fed602251e8b16355ee9bf,BOB EVANS,60fed5c4ed274e67f26397c9
61016ad89ac8f0018ac10ac7,MEREDITH,5d5d4fd16d5f3b23d1bc7905
605e542f2455c923f83e14d4,HERMAN JOSEPHS,5332f709e4b03c9a25efd0f1
60104829ac99f004d19ade29,ROCKSTAR,5332f5fbe4b03c9a25efd0ba
5d66dfec6d5f3b6188d4f053,ONE,5332f5fbe4b03c9a25efd0ba
60146a322455c904d4b69d6c,STARBUCKS,5332f5fbe4b03c9a25efd0ba
5daf33e71dda2c3e1416ae93,LARABAR,5332f5f3e4b03c9a25efd0ae
5a5d1ba9e4b0db471c2d0422,COLORADO NATIVE,5332f709e4b03c9a25efd0f1
58861c7e4e8d0d20bc42c4e2,MILLER64,5332f709e4b03c9a25efd0f1
58861c7e4e8d0d20bc42c4e9,PERONI,5332f709e4b03c9a25efd0f1
58861c7e4e8d0d20bc42c4e0,GEORGE KILLIANS,5332f709e4b03c9a25efd0f1
606641607ba15767b50fb7c6,TYSKIE,5332f709e4b03c9a25efd0f1
5a021703e4b00efe02b02a58,LIPTON SOUP,5332f5f6e4b03c9a25efd0b4
5a021611e4b00efe02b02a57,LIPTON TEA BAGS,5332f5f6e4b03c9a25efd0b4
5fed4cfbac99f041f08015a7,LOTRIMIN,5d9b4f591dda2c6225a284aa
5a5d263ee4b06ba572cf24a4,SPARKS,5332f709e4b03c9a25efd0f1
5d66def56d5f3b6188d4f052,TIME SPECIAL EDITION MAGAZINE,53e10d6368abd3c7065097cc
5332f774e4b03c9a25efd126,FIBER ONE,5332f5f3e4b03c9a25efd0ae
5332f5fbe4b03c9a25efd0bb,MOUNTAIN DEW,5332f5fbe4b03c9a25efd0ba
55a58727e4b0d0a65b3693cd,NATURE'S BAKERY,55a58719e4b0d0a65b3693cc
5bd2011f90fa074576779a17,HUGGIES,550b2565e4b001d5e9e4146f
5daf35a8a60b87376833e35d,NATURE VALLEY,5332f5f3e4b03c9a25efd0ae
5a5d28f1e4b0db471c2d0432,ZUMBIDA,5332f709e4b03c9a25efd0f1
58b599fee4b0857c2ddb7256,NULL,5332f709e4b03c9a25efd0f1
5a5d25b6e4b0db471c2d042c,SOL CERVEZA,5332f709e4b03c9a25efd0f1
5e7537244f392912df7c86d0,VIZZY,5332f709e4b03c9a25efd0f1
5da60785a60b87376833e34e,ALKA SELTZER PLUS,5d9b4f591dda2c6225a284aa
57e5810ce4b0ac389136a307,KEYSTONE,5332f709e4b03c9a25efd0f1
5332f7eee4b03c9a25efd15e,REDDS,5332f709e4b03c9a25efd0f1
58b59989e4b0857c2ddb7255,NULL,5332f709e4b03c9a25efd0f1
5332f7fde4b03c9a25efd168,HAMMS,5332f709e4b03c9a25efd0f1
5e5689e59c50da1291a6d073,SAINT ARCHER GOLD,5332f709e4b03c9a25efd0f1
5332f709e4b03c9a25efd0f0,COORS LIGHT,5332f709e4b03c9a25efd0f1
58861c7e4e8d0d20bc42c4de,GROLSCH PREMIUM LAGER,5332f709e4b03c9a25efd0f1
57e580e8e4b0ac389136a304,COORS BANQUET,5332f709e4b03c9a25efd0f1
5332f709e4b03c9a25efd0f2,BLUE MOON,5332f709e4b03c9a25efd0f1
5a5d144ee4b0db471c2d041d,CERVEZA AGUILA,5332f709e4b03c9a25efd0f1
5a5d2856e4b0db471c2d0430,TWO HATS,5332f709e4b03c9a25efd0f1
5952a596e4b08f39def64d03,ZIMA,5332f709e4b03c9a25efd0f1
5a5d2695e4b0db471c2d042d,ST STEFANUS,5332f709e4b03c9a25efd0f1
5a5d278de4b0db471c2d042f,TUSK & GRAIN,5332f709e4b03c9a25efd0f1
5a5d2727e4b0db471c2d042e,THIRD SHIFT,5332f709e4b03c9a25efd0f1
5a5d257fe4b06ba572cf24a3,SHEAF STOUT,5332f709e4b03c9a25efd0f1
5a5d2431e4b06ba572cf24a1,REVOLVER,5332f709e4b03c9a25efd0f1
5a5d1fbfe4b0db471c2d0428,HOP VALLEY,5332f709e4b03c9a25efd0f1
57e5817ae4b0ac389136a30c,HENRYS HARD SODA,5332f709e4b03c9a25efd0f1
57e58157e4b0ac389136a30a,CRISPIN,5332f709e4b03c9a25efd0f1
5a5d10b5e4b06ba572cf2497,ARNOLD PALMER SPIKED HALF AND HALF,5332f709e4b03c9a25efd0f1
58861c7e4e8d0d20bc42c4ee,SMITH AND FORGE,5332f709e4b03c9a25efd0f1
58861c7e4e8d0d20bc42c4e3,MILLER HIGH LIFE,5332f709e4b03c9a25efd0f1
57e5823ce4b0ac389136a312,ICEHOUSE,5332f709e4b03c9a25efd0f1
5332f7f5e4b03c9a25efd163,LEINENKUGELS,5332f709e4b03c9a25efd0f1
58b598dbe4b0857c2ddb7253,MICKEYS,5332f709e4b03c9a25efd0f1
53554c847a010fd9f8db0ed6,MILLER LITE,5332f709e4b03c9a25efd0f1
57e5820ce4b0ac389136a311,MOLSON CANADIAN,5332f709e4b03c9a25efd0f1
58861c7e4e8d0d20bc42c4ea,PILSNER URQUELL,5332f709e4b03c9a25efd0f1
5cc725bd166eb31bbbadccbd,CAPE LINE,5332f709e4b03c9a25efd0f1
5a5d1d71e4b06ba572cf249c,CUSQUENA,5332f709e4b03c9a25efd0f1
5b184cdbe4b0d159a5b66e2b,HENRY WEINHARDS,5332f709e4b03c9a25efd0f1
58b59950e4b0857c2ddb7254,RED DOG,5332f709e4b03c9a25efd0f1
5a5d1bffe4b0db471c2d0423,COORS EXTRA GOLD,5332f709e4b03c9a25efd0f1
5a5d1c62e4b0db471c2d0424,CRISTAL,5332f709e4b03c9a25efd0f1
5a5d24c2e4b0db471c2d042b,SHARPS NEAR BEER,5332f709e4b03c9a25efd0f1
5a5d1f46e4b0db471c2d0427,HIDDEN BARREL COLLECTION,5332f709e4b03c9a25efd0f1
58b5988ce4b0857c2ddb7252,HENRYS HARD SPARKLING,5332f709e4b03c9a25efd0f1
5a5d23f1e4b06ba572cf24a0,OLDE ENGLISH 800,5332f709e4b03c9a25efd0f1
5a5e32c3e4b06ba572cf24aa,MAGNUM,5332f709e4b03c9a25efd0f1
5da6071ea60b87376833e34d,ALKA SELTZER,5d9b4f591dda2c6225a284aa
5a5d234be4b06ba572cf249f,LECH PREMIUM,5332f709e4b03c9a25efd0f1
5a5d239de4b0db471c2d042a,MILLER FORTUNE,5332f709e4b03c9a25efd0f1
5e6bb6fd5d56cb1295f59ab8,KEYLIGHTFUL,5332f709e4b03c9a25efd0f1
610c1ccc3ae9e26706435fb3,QDOBA,610c1ca13ae9e26706435fb2
610c3add3ae9e26706435fb5,JIMMY JOHNS,610c3ab53ae9e26706435fb4
5e6bbd715d56cb1295f59ab9,MOVO,5332f709e4b03c9a25efd0f1
5bd2013f965c7d66d92731ec,KLEENEX,550b2565e4b001d5e9e4146f
5fbc4c3fac99f007b792c200,SARA LEE,5fbc4c21ac99f007b792c1ff
5fbc4c782455c91ffd067519,OROWEAT,5fbc4c21ac99f007b792c1ff
5fbc4c6b2455c91ffd067518,BROWNBERRY,5fbc4c21ac99f007b792c1ff
5fbc4c5f2455c91ffd067517,ARNOLD,5fbc4c21ac99f007b792c1ff
5fed4c962455c902f3c0d6c1,PHILLIPS DIGESTIVE,5d9b4f591dda2c6225a284aa
58b59a68e4b0857c2ddb7257,MILWAUKEES BEST,5332f709e4b03c9a25efd0f1
611d29dd2b434d3de53f42ba,SOUR PUNCH,611d29b2a91cac6383f101cb
612ceb8c75207d056add1605,CHOMPS,612ceb7275207d056add1604
6112951ac17d1b474029efbd,FRUTLY,5332f5fbe4b03c9a25efd0ba
